{"obstacles": {"3": {"width": 0.50625, "y": 0.7418181818181818, "x": -0.005, "height": 0.045454545454545456}, "0": {"width": 0.4175, "y": 0.48, "x": 0.375, "height": 0.15272727272727274}, "4": {"width": 0.235, "y": 0.2309090909090909, "x": 0.04, "height": 0.3018181818181818}, "1": {"width": 0.0275, "y": 0.09818181818181818, "x": 0.725, "height": 0.29818181818181816}, "2": {"width": 0.0625, "y": 0.6781818181818182, "x": 0.83375, "height": 0.27090909090909093}}, "nodes": {"1": {"type": "root", "y": 0.9618517010841457, "x": 0.9302955500129387}, "2": {"type": "goal", "y": 0.03881026832698498, "x": 0.5987673939370376}}}